{
    "freqs": {
        "0": 0.12140367996469248,
        "1": 0.2373998676724528,
        "2": 0.2373998676724528,
        "3": 0.16200621272146593
    }
}