{
    "freqs": {
        "0": 0.13528004455881737,
        "1": 0.25589390115794364,
        "2": 0.25589390115794364,
        "3": 0.2061514816547372
    }
}