{
    "freqs": {
        "0": 0.20771620730281176,
        "1": 0.27067318976588245,
        "2": 0.09260455380424347,
        "3": 0.1703499949545187
    }
}