{
    "freqs": {
        "0": 0.11926023663855852,
        "1": 0.09075426360921439,
        "2": 0.12413230486862266,
        "3": 0.28790570516308056
    }
}