{
    "flowvect": [
        87.30796208781909,
        100.73179396842397,
        138.61596303847887,
        118.46477583263238,
        1284.9760719440094,
        99.26459675417769,
        216.91925706814476
    ],
    "receivers": [
        0,
        0,
        1,
        1,
        1,
        0,
        1
    ]
}