{
    "flowvect": [
        100.10220941226495,
        121.54283220271125,
        37.993492732616645,
        107.22747511411433,
        149.9955150272354,
        153.2019068751795,
        932.3836026065829
    ],
    "receivers": [
        1,
        0,
        1,
        0,
        1,
        1,
        0
    ]
}