{
    "flowvect": [
        0,
        0,
        82.22193455902959,
        217.6158350316859,
        177.9255443318239,
        193.42863854471983,
        46.65955810303787,
        44.420017090086745,
        103.40034226451696,
        0
    ],
    "receivers": [
        0,
        0,
        1,
        0,
        1,
        0,
        0,
        1,
        1,
        1
    ]
}