{
    "flowvect": [
        80.4396942472237,
        38.244858784202265,
        6.084028260541388,
        195.09529853815957,
        14.434700449682595,
        173.37415349186568,
        1019.7068447803503,
        170.97725480334918,
        54.21511968792439,
        73.87743918968219
    ],
    "receivers": [
        1,
        0,
        1,
        1,
        1,
        1,
        1,
        1,
        0,
        1
    ]
}