{
    "ROI_av": [
        0.0,
        0.0,
        0.0,
        0.0029130652018384685,
        0.003597647123745319,
        0.00607096904734748,
        0.003533577987956638,
        0.008089624395784029,
        0.005724500970802696,
        0.005248666814733972,
        0.0032109875183063776,
        0.004161614099570503,
        0.003304031561676558,
        0.00432963558919772,
        0.00324722669189829,
        0.003048623372570343,
        0.0010479218837419328,
        0.0010479218837419328,
        0.0008539701095357016,
        0.0,
        0.0,
        0.0,
        0.0
    ],
    "balance_sum_av": [
        0.0,
        0.0,
        306.5,
        2070.6666666666665,
        4246.333333333333,
        7095.666666666667,
        7843.0,
        8667.666666666666,
        9252.666666666666,
        9607.5,
        10890.0,
        10499.666666666666,
        11430.0,
        11618.333333333334,
        10875.25,
        9954.333333333334,
        9403.666666666666,
        10769.666666666666,
        9666.666666666666,
        9940.333333333334,
        9297.666666666666,
        8306.0,
        11911.5
    ],
    "income_av": [
        0.0,
        0.0,
        0.0,
        16.310252065093582,
        20.7785182693796,
        43.436620411498986,
        30.07202929733725,
        72.77465868898913,
        51.29765135781471,
        48.66810499489719,
        35.04397693307475,
        44.18113252560866,
        36.19045538166218,
        49.16908866772743,
        36.87681650079557,
        35.10447858530045,
        10.391549723962969,
        10.391549723962969,
        8.535431244809336,
        0.0,
        0.0,
        0.0,
        0.0
    ],
    "profit_av": [
        0.0,
        0.0,
        0.0,
        61.333333333333336,
        140.0,
        289.0,
        391.3333333333333,
        625.6666666666666,
        793.3333333333334,
        868.5,
        1116.3333333333333,
        1277.6666666666667,
        1408.3333333333333,
        1569.6666666666667,
        1624.5,
        1796.3333333333333,
        1837.0,
        1877.6666666666667,
        1911.0,
        1911.0,
        1911.0,
        1911.0,
        1911.0
    ],
    "time": [
        0.0,
        6.323687314987183,
        10.094341278076172,
        13.854757308959961,
        17.733965158462524,
        20.83807921409607,
        25.81715416908264,
        28.982948064804077,
        32.08741235733032,
        35.61860132217407,
        39.08847212791443,
        43.25584530830383,
        46.349714279174805,
        49.387458086013794,
        52.53279209136963,
        56.483689308166504,
        60.38897919654846,
        64.53797507286072,
        68.51239228248596,
        71.74126410484314,
        75.80355310440063,
        88.1866512298584,
        91.22986221313477
    ]
}