{
    "flowvect": [
        50.25638922853739,
        164.93755007757667,
        79.6245509590949,
        67.5341200344665,
        69.24085926376148,
        17.344069799038266,
        90.7434311502304,
        82.589624748745,
        89.80840292840854,
        152.79975114715785
    ],
    "receivers": [
        1,
        0,
        0,
        1,
        0,
        1,
        1,
        1,
        0,
        0
    ]
}