{
    "flowvect": [
        100.67086600302937,
        83.67332450185413,
        65.04815517999877,
        141.38381129450426,
        165.44639884613656,
        122.40206351400765,
        182.89320837295227,
        121.02680714614846,
        112.78552489406258,
        109.31760047997517
    ],
    "receivers": [
        1,
        1,
        0,
        1,
        1,
        0,
        0,
        1,
        0,
        0
    ]
}