{
    "flowvect": [
        82.3524962159463,
        129.21775317671268,
        106.88515862236022,
        35.343568897411714,
        176.42814020381059,
        21.61042730462738,
        209.99275387891083,
        165.34154602268177,
        55.858784618742924,
        23.43703214876234
    ],
    "receivers": [
        1,
        1,
        0,
        0,
        1,
        0,
        1,
        0,
        0,
        1
    ]
}