{
    "flowvect": [
        104.74606601384669,
        97.17044126246775,
        115.46019370627796,
        99.0802562608916,
        96.95969044764685,
        97.52118918118768,
        108.52323535483644,
        100.25304908417225,
        98.96989930499674,
        89.69740892237067
    ],
    "receivers": [
        1,
        0,
        1,
        0,
        0,
        0,
        1,
        1,
        0,
        1
    ]
}